,3M CO,MMM,Medical Equipment Manufacturing,31-Dec-16,Climate Risk,S&P 500,View Report
Add,ABBOTT LABORATORIES,ABT,Pharmaceuticals/Health Care,31-Dec-16,Climate Risk,S&P 500,View Report
Add,ABBVIE INC.,ABBV,Pharmaceuticals/Health Care,31-Dec-16,Climate Risk,S&P 500,No disclosure
Add,ACCENTURE PLC,ACN,Services - Business-Related,31-Aug-17,Climate Risk,S&P 500,View Report
Add,"ACTIVISION BLIZZARD, INC.",ATVI,Information Technology,31-Dec-16,Climate Risk,S&P 500,No disclosure
Add,ACUITY BRANDS INC,AYI,Electronics,31-Aug-17,Climate Risk,S&P 500,View Report
Add,ADOBE SYSTEMS INC,ADBE,Information Technology,2-Dec-16,Climate Risk,S&P 500,View Report
Add,ADVANCE AUTO PARTS INC,AAP,Retail,31-Dec-16,Climate Risk,S&P 500,View Report
Add,ADVANCED MICRO DEVICES INC,AMD,Electronics,31-Dec-16,Climate Risk,S&P 500,No disclosure
Add,AES CORP,AES,Electric Power & Gas Utilities,31-Dec-16,Climate Risk,S&P 500,View Report
Add,AETNA INC /PA/,AET,Insurance Services,31-Dec-16,Climate Risk,S&P 500,No disclosure
Add,"AFFILIATED MANAGERS GROUP, INC.",AMG,Banks & Financial Services,31-Dec-16,Climate Risk,S&P 500,No disclosure
Add,AFLAC INC,AFL,Insurance Services,31-Dec-16,Climate Risk,S&P 500,No disclosure
Add,AKAMAI TECHNOLOGIES INC,AKAM,Services - Business-Related,31-Dec-16,Climate Risk,S&P 500,View Report
Add,"ALASKA AIR GROUP, INC.",ALK,Transportation,31-Dec-16,Climate Risk,S&P 500,View Report
Add,ALBEMARLE CORP,ALB,Chemicals,31-Dec-16,Climate Risk,S&P 500,View Report
Add,ALEXANDRIA REAL ESTATE EQUITIES INC,ARE,Real Estate Finance/Property Development/Construction,31-Dec-16,Climate Risk,S&P 500,View Report
Add,ALEXION PHARMACEUTICALS INC,ALXN,Pharmaceuticals/Health Care,31-Dec-16,Climate Risk,S&P 500,No disclosure
Add,ALLEGHENY TECHNOLOGIES INC,ATI,Manufacturing & Industrial Materials,31-Dec-16,Climate Risk,S&P 500,View Report
Add,ALLEGION PLC,ALLE,Services - Other,31-Dec-16,Climate Risk,S&P 500,No disclosure
Add,ALLERGAN PLC,AGN,Pharmaceuticals/Health Care,31-Dec-16,Climate Risk,S&P 500,No disclosure
Add,ALLIANCE DATA SYSTEMS CORP,ADS,Services - Business-Related,31-Dec-16,Climate Risk,S&P 500,No disclosure
Add,ALLIANT ENERGY CORP,LNT,Electric Power & Gas Utilities,31-Dec-16,Climate Risk,S&P 500,View Report
Add,ALLSTATE CORP,ALL,Insurance Services,31-Dec-16,Climate Risk,S&P 500,View Report
Add,ALPHABET INC.,GOOG,Information Technology,31-Dec-16,Climate Risk,S&P 500,No disclosure
Add,"ALTRIA GROUP, INC.",MO,Consumer Goods,31-Dec-16,Climate Risk,S&P 500,View Report
Add,AMAZON COM INC,AMZN,Retail,31-Dec-16,Climate Risk,S&P 500,View Report
Add,AMEREN CORP,AEE,Electric Power & Gas Utilities,31-Dec-16,Climate Risk,S&P 500,View Report
Add,AMERICAN AIRLINES GROUP INC.,AAL,Transportation,31-Dec-16,Climate Risk,S&P 500,View Report
Add,AMERICAN ELECTRIC POWER CO INC,AEP,Electric Power & Gas Utilities,31-Dec-16,Climate Risk,S&P 500,View Report
Add,AMERICAN EXPRESS CO,AXP,Banks & Financial Services,31-Dec-16,Climate Risk,S&P 500,View Report
Add,AMERICAN INTERNATIONAL GROUP INC,AIG,Insurance Services,31-Dec-16,Climate Risk,S&P 500,View Report
Add,AMERICAN TOWER CORP /MA/,AMT,Real Estate Finance/Property Development/Construction,31-Dec-16,Climate Risk,S&P 500,View Report
Add,"AMERICAN WATER WORKS COMPANY, INC.",AWK,Water Utility/Services,31-Dec-16,Climate Risk,S&P 500,View Report
Add,AMERIPRISE FINANCIAL INC,AMP,Banks & Financial Services,31-Dec-16,Climate Risk,S&P 500,View Report
Add,AMETEK INC/,AME,Electronics,31-Dec-16,Climate Risk,S&P 500,View Report
Add,AMGEN INC,AMGN,Pharmaceuticals/Health Care,31-Dec-16,Climate Risk,S&P 500,No disclosure
Add,AMPHENOL CORP /DE/,APH,Electronics,31-Dec-16,Climate Risk,S&P 500,View Report
Add,ANADARKO PETROLEUM CORP,APC,Oil & Gas,31-Dec-16,Climate Risk,S&P 500,View Report
Add,"ANTHEM, INC.",ANTM,Insurance Services,31-Dec-16,Climate Risk,S&P 500,No disclosure
Add,AON PLC,AON,Insurance Services,31-Dec-16,Climate Risk,S&P 500,View Report
Add,APACHE CORP,APA,Oil & Gas,31-Dec-16,Climate Risk,S&P 500,View Report
Add,APARTMENT INVESTMENT & MANAGEMENT CO,AIV,Real Estate Finance/Property Development/Construction,31-Dec-16,Climate Risk,S&P 500,View Report
Add,ARCHER DANIELS MIDLAND CO,ADM,Food & Beverages,31-Dec-16,Climate Risk,S&P 500,View Report
Add,ARCONIC INC.,ARNC,Manufacturing & Industrial Materials,31-Dec-16,Climate Risk,S&P 500,View Report
Add,ASSURANT INC,AIZ,Insurance Services,31-Dec-16,Climate Risk,S&P 500,View Report
Add,AT&T INC.,T,Telecommunications,31-Dec-16,Climate Risk,S&P 500,View Report
Add,AUTODESK INC,ADSK,Information Technology,31-Jan-17,Climate Risk,S&P 500,View Report
Add,AUTOMATIC DATA PROCESSING INC,ADP,Information Technology,30-Jun-17,Climate Risk,S&P 500,No disclosure
Add,"AUTONATION, INC.",AN,Retail,31-Dec-16,Climate Risk,S&P 500,View Report
Add,AUTOZONE INC,AZO,Retail,26-Aug-17,Climate Risk,S&P 500,View Report
Add,AVALONBAY COMMUNITIES INC,AVB,Real Estate Finance/Property Development/Construction,31-Dec-16,Climate Risk,S&P 500,View Report
Add,AVERY DENNISON CORP,AVY,Consumer Goods,31-Dec-16,Climate Risk,S&P 500,No disclosure
Add,AVON PRODUCTS INC,AVP,Consumer Goods,31-Dec-16,Climate Risk,S&P 500,View Report
Add,BAKER HUGHES INC,BHI,Oil & Gas,31-Dec-16,Climate Risk,S&P 500,View Report
Add,BALL CORP,BLL,Manufacturing & Industrial Materials,31-Dec-16,Climate Risk,S&P 500,View Report
Add,BANK OF AMERICA CORP /DE/,BAC,Banks & Financial Services,31-Dec-16,Climate Risk,S&P 500,No disclosure
Add,BANK OF NEW YORK MELLON CORP,BK,Banks & Financial Services,31-Dec-16,Climate Risk,S&P 500,View Report
Add,BARD C R INC /NJ/,BCR,Medical Equipment Manufacturing,31-Dec-16,Climate Risk,S&P 500,No disclosure
Add,BAXTER INTERNATIONAL INC,BAX,Medical Equipment Manufacturing,31-Dec-16,Climate Risk,S&P 500,View Report
Add,BB&T CORP,BBT,Banks & Financial Services,31-Dec-16,Climate Risk,S&P 500,View Report
Add,BED BATH & BEYOND INC,BBBY,Retail,25-Feb-17,Climate Risk,S&P 500,No disclosure
Add,BERKSHIRE HATHAWAY INC,BRK,Insurance Services,31-Dec-16,Climate Risk,S&P 500,View Report
Add,BEST BUY CO INC,BBY,Electronics,28-Jan-17,Climate Risk,S&P 500,View Report
Add,BIOGEN INC.,BIIB,Pharmaceuticals/Health Care,31-Dec-16,Climate Risk,S&P 500,No disclosure
Add,BLACKROCK INC.,BLK,Banks & Financial Services,31-Dec-16,Climate Risk,S&P 500,No disclosure
Add,BOEING CO,BA,Aerospace & Defense,31-Dec-16,Climate Risk,S&P 500,No disclosure
Add,BORGWARNER INC,BWA,Manufacturing & Industrial Materials,31-Dec-16,Climate Risk,S&P 500,No disclosure
Add,BOSTON PROPERTIES INC,BXP,Real Estate Finance/Property Development/Construction,31-Dec-16,Climate Risk,S&P 500,View Report
Add,BOSTON SCIENTIFIC CORP,BSX,Medical Equipment Manufacturing,31-Dec-16,Climate Risk,S&P 500,View Report
Add,BRISTOL MYERS SQUIBB CO,BMY,Pharmaceuticals/Health Care,31-Dec-16,Climate Risk,S&P 500,No disclosure
Add,BROWN FORMAN CORP,BF,Food & Beverages,30-Apr-17,Climate Risk,S&P 500,View Report
Add,C H ROBINSON WORLDWIDE INC,CHRW,Transportation,31-Dec-16,Climate Risk,S&P 500,View Report
Add,"CA, INC.",CA,Information Technology,31-Mar-17,Climate Risk,S&P 500,No disclosure
Add,CABOT OIL & GAS CORP,COG,Oil & Gas,31-Dec-16,Climate Risk,S&P 500,View Report
Add,CAMPBELL SOUP CO,CPB,Food & Beverages,30-Jul-17,Climate Risk,S&P 500,View Report
Add,CAPITAL ONE FINANCIAL CORP,COF,Banks & Financial Services,31-Dec-16,Climate Risk,S&P 500,View Report
Add,CARDINAL HEALTH INC,CAH,Wholesale,30-Jun-17,Climate Risk,S&P 500,No disclosure
Add,CARMAX INC,KMX,Retail,28-Feb-17,Climate Risk,S&P 500,View Report
Add,CARNIVAL CORP,CCL,Hospitality & Tourism,30-Nov-16,Climate Risk,S&P 500,View Report
Add,CATERPILLAR INC,CAT,Manufacturing & Industrial Materials,31-Dec-16,Climate Risk,S&P 500,View Report
Add,"CBOE HOLDINGS, INC.",CBOE,Banks & Financial Services,31-Dec-16,Climate Risk,S&P 500,No disclosure
Add,"CBRE GROUP, INC.",CBG,Real Estate Finance/Property Development/Construction,31-Dec-16,Climate Risk,S&P 500,View Report
Add,CBS CORP,CBS,Telecommunications,31-Dec-16,Climate Risk,S&P 500,No disclosure
Add,CELGENE CORP /DE/,CELG,Pharmaceuticals/Health Care,31-Dec-16,Climate Risk,S&P 500,No disclosure
Add,CENTENE CORP,CNC,Insurance Services,31-Dec-16,Climate Risk,S&P 500,View Report
Add,CENTERPOINT ENERGY INC,CNP,Electric Power & Gas Utilities,31-Dec-16,Climate Risk,S&P 500,View Report
Add,"CENTURYLINK, INC",CTL,Telecommunications,31-Dec-16,Climate Risk,S&P 500,View Report
Add,CERNER CORP /MO/,CERN,Information Technology,31-Dec-16,Climate Risk,S&P 500,No disclosure
Add,"CF INDUSTRIES HOLDINGS, INC.",CF,Chemicals,31-Dec-16,Climate Risk,S&P 500,View Report
Add,"CHARTER COMMUNICATIONS, INC. /MO/",CHTR,Media,31-Dec-16,Climate Risk,S&P 500,View Report
Add,CHESAPEAKE ENERGY CORP,CHK,Oil & Gas,31-Dec-16,Climate Risk,S&P 500,View Report
Add,CHEVRON CORP,CVX,Oil & Gas,31-Dec-16,Climate Risk,S&P 500,View Report
Add,CHIPOTLE MEXICAN GRILL INC,CMG,Food & Beverages,31-Dec-16,Climate Risk,S&P 500,View Report
Add,CHUBB LTD,CB,Insurance Services,31-Dec-16,Climate Risk,S&P 500,View Report
Add,CHURCH & DWIGHT CO INC /DE/,CHD,Consumer Goods,31-Dec-16,Climate Risk,S&P 500,View Report
Add,CIGNA CORP,CI,Insurance Services,31-Dec-16,Climate Risk,S&P 500,No disclosure
Add,CIMAREX ENERGY CO,XEC,Oil & Gas,31-Dec-16,Climate Risk,S&P 500,View Report
Add,CINCINNATI FINANCIAL CORP,CINF,Insurance Services,31-Dec-16,Climate Risk,S&P 500,View Report
Add,CINTAS CORP,CTAS,Apparel & Textiles,31-May-17,Climate Risk,S&P 500,No disclosure
,"CISCO SYSTEMS, INC.",CSCO,Information Technology,29-Jul-17,Climate Risk,S&P 500,No disclosure
Add,CITIGROUP INC,C,Banks & Financial Services,31-Dec-16,Climate Risk,S&P 500,View Report
Add,CITIZENS FINANCIAL GROUP INC/RI,CFG,Banks & Financial Services,31-Dec-16,Climate Risk,S&P 500,View Report
Add,CITRIX SYSTEMS INC,CTXS,Information Technology,31-Dec-16,Climate Risk,S&P 500,No disclosure
Add,CLOROX CO /DE/,CLX,Chemicals,30-Jun-17,Climate Risk,S&P 500,View Report
Add,CME GROUP INC.,CME,Banks & Financial Services,31-Dec-16,Climate Risk,S&P 500,No disclosure
Add,COACH INC,COH,Apparel & Textiles,1-Jul-17,Climate Risk,S&P 500,View Report
Add,COCA COLA CO,KO,Food & Beverages,31-Dec-16,Climate Risk,S&P 500,View Report
Add,COGNIZANT TECHNOLOGY SOLUTIONS CORP,CTSH,Information Technology,31-Dec-16,Climate Risk,S&P 500,No disclosure
Add,COLGATE PALMOLIVE CO,CL,Consumer Goods,31-Dec-16,Climate Risk,S&P 500,View Report
Add,"COLUMBIA PIPELINE GROUP, INC.",CPGX,Electric Power & Gas Utilities,31-Dec-16,Climate Risk,S&P 500,View Report
Add,COMCAST CORP,CMCSA,Media,31-Dec-16,Climate Risk,S&P 500,View Report
Add,COMERICA INC /NEW/,CMA,Banks & Financial Services,31-Dec-16,Climate Risk,S&P 500,View Report
Add,COMPUTER SCIENCES CORP,CSC,Information Technology,31-Mar-17,Climate Risk,S&P 500,No disclosure
Add,CONAGRA BRANDS INC.,CAG,Food & Beverages,28-May-17,Climate Risk,S&P 500,View Report
Add,CONCHO RESOURCES INC,CXO,Oil & Gas,31-Dec-16,Climate Risk,S&P 500,View Report
Add,CONOCOPHILLIPS,COP,Oil & Gas,31-Dec-16,Climate Risk,S&P 500,View Report
Add,CONSOL ENERGY INC,CNX,Coal Mining,31-Dec-16,Climate Risk,S&P 500,View Report
Add,CONSOLIDATED EDISON INC,ED,Electric Power & Gas Utilities,31-Dec-16,Climate Risk,S&P 500,View Report
Add,"CONSTELLATION BRANDS, INC.",STZ,Food & Beverages,28-Feb-17,Climate Risk,S&P 500,View Report
Add,CORNING INC /NY,GLW,Manufacturing & Industrial Materials,31-Dec-16,Climate Risk,S&P 500,View Report
Add,COSTCO WHOLESALE CORP /NEW,COST,Retail,3-Sep-17,Climate Risk,S&P 500,View Report
Add,COTY INC.,COTY,Consumer Goods,30-Jun-17,Climate Risk,S&P 500,View Report
Add,CROWN CASTLE INTERNATIONAL CORP,CCI,Real Estate Finance/Property Development/Construction,31-Dec-16,Climate Risk,S&P 500,No disclosure
Add,CSRA INC.,CSRA,Information Technology,31-Mar-17,Climate Risk,S&P 500,No disclosure
Add,CSX CORP,CSX,Transportation,30-Dec-16,Climate Risk,S&P 500,View Report
Add,CUMMINS INC,CMI,Manufacturing & Industrial Materials,31-Dec-16,Climate Risk,S&P 500,View Report
Add,CVS HEALTH CORP,CVS,Retail,31-Dec-16,Climate Risk,S&P 500,View Report
Add,DANAHER CORP /DE/,DHR,Manufacturing & Industrial Materials,31-Dec-16,Climate Risk,S&P 500,No disclosure
Add,DARDEN RESTAURANTS INC,DRI,Food & Beverages,28-May-17,Climate Risk,S&P 500,View Report
Add,DAVITA INC.,DVA,Pharmaceuticals/Health Care,31-Dec-16,Climate Risk,S&P 500,No disclosure
Add,DELPHI AUTOMOTIVE PLC,DLPH,Manufacturing & Industrial Materials,31-Dec-16,Climate Risk,S&P 500,View Report
Add,DELTA AIR LINES INC /DE/,DAL,Transportation,31-Dec-16,Climate Risk,S&P 500,View Report
Add,DENBURY RESOURCES INC,DNR,Oil & Gas,31-Dec-16,Climate Risk,S&P 500,View Report
Add,DENTSPLY SIRONA INC.,XRAY,Medical Equipment Manufacturing,31-Dec-16,Climate Risk,S&P 500,No disclosure
Add,DEVON ENERGY CORP/DE,DVN,Oil & Gas,31-Dec-16,Climate Risk,S&P 500,View Report
Add,"DIAMOND OFFSHORE DRILLING, INC.",DO,Oil & Gas,31-Dec-16,Climate Risk,S&P 500,View Report
Add,"DIGITAL REALTY TRUST, INC.",DLR,Real Estate Finance/Property Development/Construction,31-Dec-16,Climate Risk,S&P 500,View Report
Add,DISCOVER FINANCIAL SERVICES,DFS,Banks & Financial Services,31-Dec-16,Climate Risk,S&P 500,No disclosure
Add,"DISCOVERY COMMUNICATIONS, INC.",DISCA,Media,31-Dec-16,Climate Risk,S&P 500,View Report
Add,DISH NETWORK CORP,DISH,Media,31-Dec-16,Climate Risk,S&P 500,No disclosure
Add,DOLLAR GENERAL CORP,DG,Retail,3-Feb-17,Climate Risk,S&P 500,View Report
Add,DOLLAR TREE INC,DLTR,Retail,28-Jan-17,Climate Risk,S&P 500,View Report
Add,DOMINION RESOURCES INC /VA/,D,Electric Power & Gas Utilities,31-Dec-16,Climate Risk,S&P 500,View Report
Add,DOVER CORP,DOV,Manufacturing & Industrial Materials,31-Dec-16,Climate Risk,S&P 500,View Report
Add,DOW CHEMICAL CO /DE/,DOW,Chemicals,31-Dec-16,Climate Risk,S&P 500,View Report
Add,"DR PEPPER SNAPPLE GROUP, INC.",DPS,Food & Beverages,31-Dec-16,Climate Risk,S&P 500,View Report
Add,DTE ENERGY CO,DTE,Electric Power & Gas Utilities,31-Dec-16,Climate Risk,S&P 500,View Report
Add,DUN & BRADSTREET CORP/NW,DNB,Services - Business-Related,31-Dec-16,Climate Risk,S&P 500,No disclosure
Add,DUPONT E I DE NEMOURS & CO,DD,Chemicals,31-Dec-16,Climate Risk,S&P 500,View Report
Add,E TRADE FINANCIAL CORP,ETFC,Banks & Financial Services,31-Dec-16,Climate Risk,S&P 500,No disclosure
Add,EASTMAN CHEMICAL CO,EMN,Chemicals,31-Dec-16,Climate Risk,S&P 500,View Report
Add,EATON CORP PLC,ETN,Manufacturing & Industrial Materials,31-Dec-16,Climate Risk,S&P 500,View Report
Add,EBAY INC,EBAY,Services - Business-Related,31-Dec-16,Climate Risk,S&P 500,No disclosure
Add,ECOLAB INC.,ECL,Consumer Goods,31-Dec-16,Climate Risk,S&P 500,View Report
Add,EDISON INTERNATIONAL,EIX,Electric Power & Gas Utilities,31-Dec-16,Climate Risk,S&P 500,View Report
Add,EDWARDS LIFESCIENCES CORP,EW,Medical Equipment Manufacturing,31-Dec-16,Climate Risk,S&P 500,No disclosure
Add,ELECTRONIC ARTS INC.,EA,Information Technology,31-Mar-17,Climate Risk,S&P 500,No disclosure
Add,ENDO INTERNATIONAL PLC,ENDP,Pharmaceuticals/Health Care,31-Dec-16,Climate Risk,S&P 500,No disclosure
Add,ENSCO PLC,ESV,Oil & Gas,31-Dec-16,Climate Risk,S&P 500,View Report
Add,ENTERGY CORP /DE/,ETR,Electric Power & Gas Utilities,31-Dec-16,Climate Risk,S&P 500,View Report
Add,EOG RESOURCES INC,EOG,Oil & Gas,31-Dec-16,Climate Risk,S&P 500,View Report
Add,EQT CORP,EQT,Oil & Gas,31-Dec-16,Climate Risk,S&P 500,View Report
Add,EQUIFAX INC,EFX,Services - Business-Related,31-Dec-16,Climate Risk,S&P 500,No disclosure
Add,EQUINIX INC,EQIX,Information Technology,31-Dec-16,Climate Risk,S&P 500,View Report
Add,EQUITY RESIDENTIAL,EQR,Real Estate Finance/Property Development/Construction,31-Dec-16,Climate Risk,S&P 500,View Report
Add,ESSEX PROPERTY TRUST INC,ESS,Real Estate Finance/Property Development/Construction,31-Dec-16,Climate Risk,S&P 500,View Report
Add,ESTEE LAUDER COMPANIES INC,EL,Consumer Goods,30-Jun-17,Climate Risk,S&P 500,View Report
Add,EVERSOURCE ENERGY,ES,Electric Power & Gas Utilities,31-Dec-16,Climate Risk,S&P 500,View Report
Add,EXELON CORP,EXC,Electric Power & Gas Utilities,31-Dec-16,Climate Risk,S&P 500,View Report
Add,"EXPEDIA, INC.",EXPE,Transportation,31-Dec-16,Climate Risk,S&P 500,View Report
Add,EXPEDITORS INTERNATIONAL OF WASHINGTON INC,EXPD,Transportation,31-Dec-16,Climate Risk,S&P 500,View Report
Add,EXPRESS SCRIPTS HOLDING CO.,ESRX,Retail,31-Dec-16,Climate Risk,S&P 500,No disclosure
Add,EXTRA SPACE STORAGE INC.,EXR,Real Estate Finance/Property Development/Construction,31-Dec-16,Climate Risk,S&P 500,No disclosure
Add,EXXON MOBIL CORP,XOM,Oil & Gas,31-Dec-16,Climate Risk,S&P 500,View Report
Add,FACEBOOK INC,FB,Information Technology,31-Dec-16,Climate Risk,S&P 500,View Report
Add,FASTENAL CO,FAST,Retail,31-Dec-16,Climate Risk,S&P 500,View Report
Add,FEDERAL REALTY INVESTMENT TRUST,FRT,Real Estate Finance/Property Development/Construction,31-Dec-16,Climate Risk,S&P 500,View Report
Add,FEDEX CORP,FDX,Transportation,31-May-17,Climate Risk,S&P 500,View Report
Add,"FIDELITY NATIONAL INFORMATION SERVICES, INC.",FIS,Services - Business-Related,31-Dec-16,Climate Risk,S&P 500,No disclosure
Add,FIFTH THIRD BANCORP,FITB,Banks & Financial Services,31-Dec-16,Climate Risk,S&P 500,View Report
Add,"FIRST SOLAR, INC.",FSLR,Electronics,31-Dec-16,Climate Risk,S&P 500,View Report
Add,FIRSTENERGY CORP,FE,Electric Power & Gas Utilities,31-Dec-16,Climate Risk,S&P 500,View Report
Add,FISERV INC,FISV,Information Technology,31-Dec-16,Climate Risk,S&P 500,No disclosure
Add,FLIR SYSTEMS INC,FLIR,Aerospace & Defense,31-Dec-16,Climate Risk,S&P 500,View Report
Add,FLOWSERVE CORP,FLS,Manufacturing & Industrial Materials,31-Dec-16,Climate Risk,S&P 500,View Report
Add,FLUOR CORP,FLR,Real Estate Finance/Property Development/Construction,31-Dec-16,Climate Risk,S&P 500,View Report
Add,FMC CORP,FMC,Chemicals,31-Dec-16,Climate Risk,S&P 500,View Report
Add,"FOOT LOCKER, INC.",FL,Retail,28-Jan-17,Climate Risk,S&P 500,View Report
Add,FORD MOTOR CO,F,Automotive,31-Dec-16,Climate Risk,S&P 500,View Report
Add,FORTIVE CORP,FTV,Manufacturing & Industrial Materials,31-Dec-16,Climate Risk,S&P 500,No disclosure
Add,"FORTUNE BRANDS HOME & SECURITY, INC.",FBHS,Real Estate Finance/Property Development/Construction,31-Dec-16,Climate Risk,S&P 500,No disclosure
Add,"FOSSIL GROUP, INC.",FOSL,Consumer Goods,31-Dec-16,Climate Risk,S&P 500,No disclosure
Add,FREEPORT-MCMORAN INC,FCX,Mining,31-Dec-16,Climate Risk,S&P 500,View Report
Add,FRONTIER COMMUNICATIONS CORP,FTR,Telecommunications,31-Dec-16,Climate Risk,S&P 500,No disclosure
Add,GALLAGHER ARTHUR J & CO,AJG,Insurance Services,31-Dec-16,Climate Risk,S&P 500,View Report
Add,GAMESTOP CORP.,GME,Information Technology,28-Jan-17,Climate Risk,S&P 500,View Report
Add,GAP INC,GPS,Apparel & Textiles,28-Jan-17,Climate Risk,S&P 500,View Report
Add,GARMIN LTD,GRMN,Aerospace & Defense,31-Dec-16,Climate Risk,S&P 500,View Report
Add,GENERAL DYNAMICS CORP,GD,Aerospace & Defense,31-Dec-16,Climate Risk,S&P 500,No disclosure
,GENERAL ELECTRIC CO,GE,Electronics,31-Dec-16,Climate Risk,S&P 500,View Report
Add,GENERAL MILLS INC,GIS,Food & Beverages,28-May-17,Climate Risk,S&P 500,View Report
Add,GENERAL MOTORS CO,GM,Automotive,31-Dec-16,Climate Risk,S&P 500,View Report
Add,GENUINE PARTS CO,GPC,Wholesale,31-Dec-16,Climate Risk,S&P 500,View Report
Add,GENWORTH FINANCIAL INC,GNW,Insurance Services,31-Dec-16,Climate Risk,S&P 500,No disclosure
Add,GGP INC.,GGP,Real Estate Finance/Property Development/Construction,31-Dec-16,Climate Risk,S&P 500,View Report
Add,GILEAD SCIENCES INC,GILD,Pharmaceuticals/Health Care,31-Dec-16,Climate Risk,S&P 500,View Report
Add,GOLDMAN SACHS GROUP INC,GS,Banks & Financial Services,31-Dec-16,Climate Risk,S&P 500,View Report
Add,GOODYEAR TIRE & RUBBER CO /OH/,GT,Manufacturing & Industrial Materials,31-Dec-16,Climate Risk,S&P 500,View Report
Add,GRAINGER W W INC,GWW,Wholesale,31-Dec-16,Climate Risk,S&P 500,View Report
Add,H&R BLOCK INC,HRB,Services - Other,30-Apr-17,Climate Risk,S&P 500,No disclosure
Add,HALF ROBERT INTERNATIONAL INC /DE/,RHI,Services - Other,31-Dec-16,Climate Risk,S&P 500,No disclosure
Add,HALLIBURTON CO,HAL,Oil & Gas,31-Dec-16,Climate Risk,S&P 500,View Report
Add,HANESBRANDS INC.,HBI,Retail,31-Dec-16,Climate Risk,S&P 500,View Report
Add,HARLEY DAVIDSON INC,HOG,Consumer Goods,31-Dec-16,Climate Risk,S&P 500,View Report
Add,HARRIS CORP /DE/,HRS,Aerospace & Defense,30-Jun-17,Climate Risk,S&P 500,View Report
Add,HARTFORD FINANCIAL SERVICES GROUP INC/DE,HIG,Insurance Services,31-Dec-16,Climate Risk,S&P 500,View Report
Add,HASBRO INC,HAS,Consumer Goods,25-Dec-16,Climate Risk,S&P 500,No disclosure
Add,"HCA HOLDINGS, INC.",HCA,Pharmaceuticals/Health Care,31-Dec-16,Climate Risk,S&P 500,View Report
Add,"HCP, INC.",HCP,Real Estate Finance/Property Development/Construction,31-Dec-16,Climate Risk,S&P 500,View Report
Add,HENRY SCHEIN INC,HSIC,Wholesale,31-Dec-16,Climate Risk,S&P 500,No disclosure
Add,HERSHEY CO,HSY,Food & Beverages,31-Dec-16,Climate Risk,S&P 500,No disclosure
Add,HESS CORP,HES,Oil & Gas,31-Dec-16,Climate Risk,S&P 500,View Report
Add,HOME DEPOT INC,HD,Retail,29-Jan-17,Climate Risk,S&P 500,View Report
Add,HONEYWELL INTERNATIONAL INC,HON,Manufacturing & Industrial Materials,31-Dec-16,Climate Risk,S&P 500,View Report
Add,HUMANA INC,HUM,Insurance Services,31-Dec-16,Climate Risk,S&P 500,No disclosure
Add,HUNT J B TRANSPORT SERVICES INC,JBHT,Transportation,31-Dec-16,Climate Risk,S&P 500,View Report
Add,HUNTINGTON BANCSHARES INC/MD,HBAN,Banks & Financial Services,31-Dec-16,Climate Risk,S&P 500,No disclosure
Add,IDEXX LABORATORIES INC /DE,IDXX,Pharmaceuticals/Health Care,31-Dec-16,Climate Risk,S&P 500,View Report
Add,ILLINOIS TOOL WORKS INC,ITW,Manufacturing & Industrial Materials,31-Dec-16,Climate Risk,S&P 500,No disclosure
Add,ILLUMINA INC,ILMN,Medical Equipment Manufacturing,1-Jan-17,Climate Risk,S&P 500,No disclosure
Add,INCYTE CORP,INCY,Pharmaceuticals/Health Care,31-Dec-16,Climate Risk,S&P 500,No disclosure
Add,INGERSOLL-RAND PLC,IR,Manufacturing & Industrial Materials,31-Dec-16,Climate Risk,S&P 500,View Report
Add,INTEL CORP,INTC,Electronics,31-Dec-16,Climate Risk,S&P 500,View Report
Add,"INTERCONTINENTAL EXCHANGE, INC.",ICE,Banks & Financial Services,31-Dec-16,Climate Risk,S&P 500,View Report
Add,INTERNATIONAL BUSINESS MACHINES CORP,IBM,Information Technology,31-Dec-16,Climate Risk,S&P 500,No disclosure
Add,INTERNATIONAL FLAVORS & FRAGRANCES INC,IFF,Chemicals,31-Dec-16,Climate Risk,S&P 500,View Report
Add,INTERNATIONAL PAPER CO /NEW/,IP,Consumer Goods,31-Dec-16,Climate Risk,S&P 500,View Report
Add,"INTERPUBLIC GROUP OF COMPANIES, INC.",IPG,Services - Business-Related,31-Dec-16,Climate Risk,S&P 500,View Report
Add,INTUIT INC,INTU,Information Technology,31-Jul-17,Climate Risk,S&P 500,View Report
Add,INTUITIVE SURGICAL INC,ISRG,Medical Equipment Manufacturing,31-Dec-16,Climate Risk,S&P 500,No disclosure
Add,INVESCO LTD.,IVZ,Banks & Financial Services,31-Dec-16,Climate Risk,S&P 500,No disclosure
Add,IRON MOUNTAIN INC,IRM,Services - Business-Related,31-Dec-16,Climate Risk,S&P 500,No disclosure
Add,J M SMUCKER CO,SJM,Food & Beverages,30-Apr-17,Climate Risk,S&P 500,View Report
Add,JOHNSON & JOHNSON,JNJ,Pharmaceuticals/Health Care,1-Jan-17,Climate Risk,S&P 500,View Report
Add,JPMORGAN CHASE & CO,JPM,Banks & Financial Services,31-Dec-16,Climate Risk,S&P 500,View Report
Add,JUNIPER NETWORKS INC,JNPR,Information Technology,31-Dec-16,Climate Risk,S&P 500,View Report
Add,KANSAS CITY SOUTHERN,KSU,Transportation,31-Dec-16,Climate Risk,S&P 500,View Report
Add,KELLOGG CO,K,Food & Beverages,31-Dec-16,Climate Risk,S&P 500,View Report
Add,KEYCORP /NEW/,KEY,Banks & Financial Services,31-Dec-16,Climate Risk,S&P 500,View Report
Add,KIMBERLY CLARK CORP,KMB,Consumer Goods,31-Dec-16,Climate Risk,S&P 500,View Report
Add,KIMCO REALTY CORP,KIM,Real Estate Finance/Property Development/Construction,31-Dec-16,Climate Risk,S&P 500,No disclosure
Add,"KINDER MORGAN, INC.",KMI,Electric Power & Gas Utilities,31-Dec-16,Climate Risk,S&P 500,View Report
Add,KLA TENCOR CORP,KLAC,Medical Equipment Manufacturing,30-Jun-17,Climate Risk,S&P 500,View Report
Add,KOHLS CORP,KSS,Retail,28-Jan-17,Climate Risk,S&P 500,View Report
Add,KRAFT HEINZ CO,KHC,Food & Beverages,31-Dec-16,Climate Risk,S&P 500,View Report
Add,KROGER CO,KR,Food & Beverages,28-Jan-17,Climate Risk,S&P 500,View Report
Add,"L BRANDS, INC.",LB,Apparel & Textiles,28-Jan-17,Climate Risk,S&P 500,View Report
Add,"L3 TECHNOLOGIES, INC.",LLL,Electronics,31-Dec-16,Climate Risk,S&P 500,No disclosure
Add,LABORATORY CORP OF AMERICA HOLDINGS,LH,Pharmaceuticals/Health Care,31-Dec-16,Climate Risk,S&P 500,No disclosure
Add,LAM RESEARCH CORP,LRCX,Manufacturing & Industrial Materials,25-Jun-17,Climate Risk,S&P 500,No disclosure
Add,"LEGG MASON, INC.",LM,Banks & Financial Services,31-Mar-17,Climate Risk,S&P 500,No disclosure
Add,LEGGETT & PLATT INC,LEG,Consumer Goods,31-Dec-16,Climate Risk,S&P 500,No disclosure
Add,LENNAR CORP /NEW/,LEN,Real Estate Finance/Property Development/Construction,30-Nov-16,Climate Risk,S&P 500,View Report
Add,LEUCADIA NATIONAL CORP,LUK,Food & Beverages,31-Dec-16,Climate Risk,S&P 500,View Report
Add,LEVEL 3 COMMUNICATIONS INC,LVLT,Telecommunications,31-Dec-16,Climate Risk,S&P 500,View Report
Add,LILLY ELI & CO,LLY,Pharmaceuticals/Health Care,31-Dec-16,Climate Risk,S&P 500,View Report
Add,LINCOLN NATIONAL CORP,LNC,Insurance Services,31-Dec-16,Climate Risk,S&P 500,View Report
Add,LKQ CORP,LKQ,Wholesale,31-Dec-16,Climate Risk,S&P 500,View Report
Add,LOCKHEED MARTIN CORP,LMT,Aerospace & Defense,31-Dec-16,Climate Risk,S&P 500,View Report
Add,LOEWS CORP,L,Insurance Services,31-Dec-16,Climate Risk,S&P 500,View Report
Add,LOWES COMPANIES INC,LOW,Retail,3-Feb-17,Climate Risk,S&P 500,View Report
Add,LYONDELLBASELL INDUSTRIES N.V.,LYB,Chemicals,31-Dec-16,Climate Risk,S&P 500,View Report
Add,M&T BANK CORP,MTB,Banks & Financial Services,31-Dec-16,Climate Risk,S&P 500,No disclosure
Add,MACERICH CO,MAC,Real Estate Finance/Property Development/Construction,31-Dec-16,Climate Risk,S&P 500,View Report
Add,"MACY'S, INC.",M,Retail,28-Jan-17,Climate Risk,S&P 500,View Report
Add,MARATHON OIL CORP,MRO,Oil & Gas,31-Dec-16,Climate Risk,S&P 500,View Report
Add,MARATHON PETROLEUM CORP,MPC,Oil & Gas,31-Dec-16,Climate Risk,S&P 500,View Report
Add,MARRIOTT INTERNATIONAL INC /MD/,MAR,Hospitality & Tourism,31-Dec-16,Climate Risk,S&P 500,View Report
Add,"MARSH & MCLENNAN COMPANIES, INC.",MMC,Insurance Services,31-Dec-16,Climate Risk,S&P 500,No disclosure
Add,MARTIN MARIETTA MATERIALS INC,MLM,Mining,31-Dec-16,Climate Risk,S&P 500,View Report
Add,MASCO CORP /DE/,MAS,Manufacturing & Industrial Materials,31-Dec-16,Climate Risk,S&P 500,View Report
Add,MASTERCARD INC,MA,Services - Business-Related,31-Dec-16,Climate Risk,S&P 500,No disclosure
Add,MATTEL INC /DE/,MAT,Consumer Goods,31-Dec-16,Climate Risk,S&P 500,No disclosure
Add,MCCORMICK & CO INC,MKC,Food & Beverages,30-Nov-16,Climate Risk,S&P 500,View Report
Add,MCDONALDS CORP,MCD,Food & Beverages,31-Dec-16,Climate Risk,S&P 500,View Report
Add,MCKESSON CORP,MCK,Wholesale,31-Mar-17,Climate Risk,S&P 500,View Report
Add,MEAD JOHNSON NUTRITION CO,MJN,Food & Beverages,31-Dec-16,Climate Risk,S&P 500,No disclosure
Add,MEDTRONIC PLC,MDT,Medical Equipment Manufacturing,28-Apr-17,Climate Risk,S&P 500,View Report
Add,"MERCK & CO., INC.",MRK,Pharmaceuticals/Health Care,31-Dec-16,Climate Risk,S&P 500,View Report
Add,METLIFE INC,MET,Insurance Services,31-Dec-16,Climate Risk,S&P 500,View Report
Add,METTLER TOLEDO INTERNATIONAL INC/,MTD,Medical Equipment Manufacturing,31-Dec-16,Climate Risk,S&P 500,No disclosure
Add,MICHAEL KORS HOLDINGS LTD,KORS,Apparel & Textiles,1-Apr-17,Climate Risk,S&P 500,View Report
Add,MICROCHIP TECHNOLOGY INC,MCHP,Electronics,31-Mar-17,Climate Risk,S&P 500,View Report
Add,MICRON TECHNOLOGY INC,MU,Electronics,31-Aug-17,Climate Risk,S&P 500,View Report
Add,MICROSOFT CORP,MSFT,Information Technology,30-Jun-17,Climate Risk,S&P 500,View Report
Add,MID AMERICA APARTMENT COMMUNITIES INC,MAA,Real Estate Finance/Property Development/Construction,31-Dec-16,Climate Risk,S&P 500,View Report
Add,MOHAWK INDUSTRIES INC,MHK,Apparel & Textiles,31-Dec-16,Climate Risk,S&P 500,View Report
Add,MOLSON COORS BREWING CO,TAP,Food & Beverages,31-Dec-16,Climate Risk,S&P 500,View Report
Add,"MONDELEZ INTERNATIONAL, INC.",MDLZ,Food & Beverages,31-Dec-16,Climate Risk,S&P 500,View Report
,MONSANTO CO /NEW/,MON,Chemicals,31-Aug-17,Climate Risk,S&P 500,View Report
Add,MONSTER BEVERAGE CORP,MNST,Food & Beverages,31-Dec-16,Climate Risk,S&P 500,View Report
Add,MOODYS CORP /DE/,MCO,Services - Business-Related,31-Dec-16,Climate Risk,S&P 500,No disclosure
Add,MORGAN STANLEY,MS,Banks & Financial Services,31-Dec-16,Climate Risk,S&P 500,View Report
Add,MOSAIC CO,MOS,Chemicals,31-Dec-16,Climate Risk,S&P 500,View Report
Add,"MOTOROLA SOLUTIONS, INC.",MSI,Electronics,31-Dec-16,Climate Risk,S&P 500,No disclosure
Add,MURPHY OIL CORP /DE,MUR,Oil & Gas,31-Dec-16,Climate Risk,S&P 500,View Report
Add,MYLAN N.V.,MYL,Pharmaceuticals/Health Care,31-Dec-16,Climate Risk,S&P 500,View Report
Add,NABORS INDUSTRIES LTD,NBR,Oil & Gas,31-Dec-16,Climate Risk,S&P 500,View Report
Add,"NASDAQ, INC.",NDAQ,Banks & Financial Services,31-Dec-16,Climate Risk,S&P 500,View Report
Add,NATIONAL OILWELL VARCO INC,NOV,Oil & Gas,31-Dec-16,Climate Risk,S&P 500,View Report
Add,NAVIENT CORP,NAVI,Banks & Financial Services,31-Dec-16,Climate Risk,S&P 500,No disclosure
Add,"NETAPP, INC.",NTAP,Information Technology,28-Apr-17,Climate Risk,S&P 500,View Report
Add,NETFLIX INC,NFLX,Consumer Goods,31-Dec-16,Climate Risk,S&P 500,View Report
Add,NEWELL BRANDS INC,NWL,Consumer Goods,31-Dec-16,Climate Risk,S&P 500,No disclosure
Add,NEWFIELD EXPLORATION CO /DE/,NFX,Oil & Gas,31-Dec-16,Climate Risk,S&P 500,View Report
Add,NEWMONT MINING CORP /DE/,NEM,Mining,31-Dec-16,Climate Risk,S&P 500,View Report
Add,NEWS CORP,NWS,Media,30-Jun-17,Climate Risk,S&P 500,No disclosure
Add,NEXTERA ENERGY INC,NEE,Electric Power & Gas Utilities,31-Dec-16,Climate Risk,S&P 500,View Report
Add,NIELSEN HOLDINGS PLC,NLSN,Services - Business-Related,31-Dec-16,Climate Risk,S&P 500,View Report
Add,NIKE INC,NKE,Consumer Goods,31-May-17,Climate Risk,S&P 500,View Report
Add,NISOURCE INC/DE,NI,Electric Power & Gas Utilities,31-Dec-16,Climate Risk,S&P 500,View Report
Add,NOBLE CORP PLC,NE,Oil & Gas,31-Dec-16,Climate Risk,S&P 500,View Report
Add,NOBLE ENERGY INC,NBL,Oil & Gas,31-Dec-16,Climate Risk,S&P 500,View Report
Add,NORDSTROM INC,JWN,Apparel & Textiles,28-Jan-17,Climate Risk,S&P 500,No disclosure
Add,NORFOLK SOUTHERN CORP,NSC,Transportation,31-Dec-16,Climate Risk,S&P 500,View Report
Add,NORTHERN TRUST CORP,NTRS,Banks & Financial Services,31-Dec-16,Climate Risk,S&P 500,No disclosure
Add,NORTHROP GRUMMAN CORP /DE/,NOC,Aerospace & Defense,31-Dec-16,Climate Risk,S&P 500,View Report
Add,"NRG ENERGY, INC.",NRG,Electric Power & Gas Utilities,31-Dec-16,Climate Risk,S&P 500,View Report
Add,NUCOR CORP,NUE,Manufacturing & Industrial Materials,31-Dec-16,Climate Risk,S&P 500,View Report
Add,NVIDIA CORP,NVDA,Electronics,29-Jan-17,Climate Risk,S&P 500,View Report
Add,O REILLY AUTOMOTIVE INC,ORLY,Retail,31-Dec-16,Climate Risk,S&P 500,View Report
Add,OCCIDENTAL PETROLEUM CORP /DE/,OXY,Oil & Gas,31-Dec-16,Climate Risk,S&P 500,View Report
Add,OMNICOM GROUP INC.,OMC,Services - Business-Related,31-Dec-16,Climate Risk,S&P 500,View Report
Add,ONEOK INC /NEW/,OKE,Electric Power & Gas Utilities,31-Dec-16,Climate Risk,S&P 500,View Report
Add,ORACLE CORP,ORCL,Information Technology,31-May-17,Climate Risk,S&P 500,View Report
Add,OWENS ILLINOIS INC /DE/,OI,Consumer Goods,31-Dec-16,Climate Risk,S&P 500,View Report
Add,PACCAR INC,PCAR,Automotive,31-Dec-16,Climate Risk,S&P 500,View Report
Add,PARKER HANNIFIN CORP,PH,Manufacturing & Industrial Materials,30-Jun-17,Climate Risk,S&P 500,View Report
Add,"PATTERSON COMPANIES, INC.",PDCO,Wholesale,29-Apr-17,Climate Risk,S&P 500,No disclosure
Add,PAYCHEX INC,PAYX,Services - Business-Related,31-May-17,Climate Risk,S&P 500,View Report
Add,"PAYPAL HOLDINGS, INC.",PYPL,Services - Business-Related,31-Dec-16,Climate Risk,S&P 500,No disclosure
Add,PENTAIR PLC,PNR,Manufacturing & Industrial Materials,31-Dec-16,Climate Risk,S&P 500,View Report
Add,"PEOPLE'S UNITED FINANCIAL, INC.",PBCT,Banks & Financial Services,31-Dec-16,Climate Risk,S&P 500,No disclosure
Add,PEPSICO INC,PEP,Food & Beverages,31-Dec-16,Climate Risk,S&P 500,View Report
Add,PERKINELMER INC,PKI,Medical Equipment Manufacturing,1-Jan-17,Climate Risk,S&P 500,No disclosure
Add,PERRIGO CO PLC,PRGO,Pharmaceuticals/Health Care,31-Dec-16,Climate Risk,S&P 500,View Report
Add,PFIZER INC,PFE,Pharmaceuticals/Health Care,31-Dec-16,Climate Risk,S&P 500,View Report
Add,PG&E CORP,PCG,Electric Power & Gas Utilities,31-Dec-16,Climate Risk,S&P 500,View Report
Add,PHILIP MORRIS INTERNATIONAL INC.,PM,Consumer Goods,31-Dec-16,Climate Risk,S&P 500,View Report
Add,PHILLIPS 66,PSX,Oil & Gas,31-Dec-16,Climate Risk,S&P 500,View Report
Add,PINNACLE WEST CAPITAL CORP,PNW,Electric Power & Gas Utilities,31-Dec-16,Climate Risk,S&P 500,View Report
Add,PIONEER NATURAL RESOURCES CO,PXD,Oil & Gas,31-Dec-16,Climate Risk,S&P 500,View Report
Add,PITNEY BOWES INC /DE/,PBI,Manufacturing & Industrial Materials,31-Dec-16,Climate Risk,S&P 500,No disclosure
Add,"PNC FINANCIAL SERVICES GROUP, INC.",PNC,Banks & Financial Services,31-Dec-16,Climate Risk,S&P 500,View Report
Add,PPG INDUSTRIES INC,PPG,Chemicals,31-Dec-16,Climate Risk,S&P 500,View Report
Add,PPL CORP,PPL,Electric Power & Gas Utilities,31-Dec-16,Climate Risk,S&P 500,View Report
Add,PRAXAIR INC,PX,Chemicals,31-Dec-16,Climate Risk,S&P 500,View Report
Add,PRICE T ROWE GROUP INC,TROW,Banks & Financial Services,31-Dec-16,Climate Risk,S&P 500,No disclosure
Add,PRICELINE GROUP INC.,PCLN,Services - Business-Related,31-Dec-16,Climate Risk,S&P 500,No disclosure
Add,PRINCIPAL FINANCIAL GROUP INC,PFG,Insurance Services,31-Dec-16,Climate Risk,S&P 500,View Report
Add,PROCTER & GAMBLE CO,PG,Consumer Goods,30-Jun-17,Climate Risk,S&P 500,View Report
Add,PROGRESSIVE CORP/OH/,PGR,Insurance Services,31-Dec-16,Climate Risk,S&P 500,View Report
Add,"PROLOGIS, INC.",PLD,Real Estate Finance/Property Development/Construction,31-Dec-16,Climate Risk,S&P 500,View Report
Add,PRUDENTIAL FINANCIAL INC,PRU,Insurance Services,31-Dec-16,Climate Risk,S&P 500,View Report
Add,PUBLIC SERVICE ENTERPRISE GROUP INC,PEG,Electric Power & Gas Utilities,31-Dec-16,Climate Risk,S&P 500,View Report
Add,PUBLIC STORAGE,PSA,Real Estate Finance/Property Development/Construction,31-Dec-16,Climate Risk,S&P 500,No disclosure
Add,PULTEGROUP INC/MI/,PHM,Real Estate Finance/Property Development/Construction,31-Dec-16,Climate Risk,S&P 500,View Report
Add,PVH CORP. /DE/,PVH,Apparel & Textiles,29-Jan-17,Climate Risk,S&P 500,View Report
Add,"QEP RESOURCES, INC.",QEP,Oil & Gas,31-Dec-16,Climate Risk,S&P 500,View Report
Add,"QORVO, INC.",QRVO,Electronics,1-Apr-17,Climate Risk,S&P 500,View Report
Add,QUANTA SERVICES INC,PWR,Real Estate Finance/Property Development/Construction,31-Dec-16,Climate Risk,S&P 500,View Report
Add,QUEST DIAGNOSTICS INC,DGX,Pharmaceuticals/Health Care,31-Dec-16,Climate Risk,S&P 500,No disclosure
Add,RALPH LAUREN CORP,RL,Apparel & Textiles,1-Apr-17,Climate Risk,S&P 500,View Report
Add,RANGE RESOURCES CORP,RRC,Oil & Gas,31-Dec-16,Climate Risk,S&P 500,View Report
Add,RAYTHEON CO/,RTN,Aerospace & Defense,31-Dec-16,Climate Risk,S&P 500,View Report
Add,REALTY INCOME CORP,O,Real Estate Finance/Property Development/Construction,31-Dec-16,Climate Risk,S&P 500,View Report
Add,RED HAT INC,RHT,Information Technology,28-Feb-17,Climate Risk,S&P 500,No disclosure
Add,REGENCY CENTERS CORP,REG,Real Estate Finance/Property Development/Construction,31-Dec-16,Climate Risk,S&P 500,View Report
Add,REGENERON PHARMACEUTICALS INC,REGN,Pharmaceuticals/Health Care,31-Dec-16,Climate Risk,S&P 500,No disclosure
Add,REGIONS FINANCIAL CORP,RF,Banks & Financial Services,31-Dec-16,Climate Risk,S&P 500,View Report
Add,"REPUBLIC SERVICES, INC.",RSG,Waste Management,31-Dec-16,Climate Risk,S&P 500,View Report
Add,REYNOLDS AMERICAN INC,RAI,Consumer Goods,31-Dec-16,Climate Risk,S&P 500,View Report
Add,ROPER TECHNOLOGIES INC,ROP,Manufacturing & Industrial Materials,31-Dec-16,Climate Risk,S&P 500,No disclosure
Add,ROSS STORES INC,ROST,Apparel & Textiles,28-Jan-17,Climate Risk,S&P 500,View Report
Add,ROYAL CARIBBEAN CRUISES LTD,RCL,Hospitality & Tourism,31-Dec-16,Climate Risk,S&P 500,View Report
Add,RYDER SYSTEM INC,R,Services - Other,31-Dec-16,Climate Risk,S&P 500,View Report
Add,S&P GLOBAL INC.,SPGI,Services - Business-Related,31-Dec-16,Climate Risk,S&P 500,No disclosure
Add,SALESFORCE COM INC,CRM,Information Technology,31-Jan-17,Climate Risk,S&P 500,View Report
Add,SCANA CORP,SCG,Electric Power & Gas Utilities,31-Dec-16,Climate Risk,S&P 500,View Report
Add,SCHLUMBERGER LIMITED/NV,SLB,Oil & Gas,31-Dec-16,Climate Risk,S&P 500,View Report
Add,SCHWAB CHARLES CORP,SCHW,Banks & Financial Services,31-Dec-16,Climate Risk,S&P 500,No disclosure
Add,"SCRIPPS NETWORKS INTERACTIVE, INC.",SNI,Media,31-Dec-16,Climate Risk,S&P 500,No disclosure
Add,SEAGATE TECHNOLOGY PLC,STX,Information Technology,30-Jun-17,Climate Risk,S&P 500,No disclosure
Add,SEALED AIR CORP/DE,SEE,Chemicals,31-Dec-16,Climate Risk,S&P 500,View Report
Add,SEMPRA ENERGY,SRE,Electric Power & Gas Utilities,31-Dec-16,Climate Risk,S&P 500,View Report
Add,SHERWIN WILLIAMS CO,SHW,Retail,31-Dec-16,Climate Risk,S&P 500,View Report
Add,SIGNET JEWELERS LTD,SIG,Retail,28-Jan-17,Climate Risk,S&P 500,View Report
Add,SIMON PROPERTY GROUP INC /DE/,SPG,Real Estate Finance/Property Development/Construction,31-Dec-16,Climate Risk,S&P 500,View Report
Add,SL GREEN REALTY CORP,SLG,Real Estate Finance/Property Development/Construction,31-Dec-16,Climate Risk,S&P 500,View Report
,SNAP-ON INC,SNA,Manufacturing & Industrial Materials,31-Dec-16,Climate Risk,S&P 500,No disclosure
Add,SOUTHERN CO,SO,Electric Power & Gas Utilities,31-Dec-16,Climate Risk,S&P 500,View Report
Add,SOUTHWEST AIRLINES CO,LUV,Transportation,31-Dec-16,Climate Risk,S&P 500,View Report
Add,SOUTHWESTERN ENERGY CO,SWN,Oil & Gas,31-Dec-16,Climate Risk,S&P 500,View Report
Add,SPECTRA ENERGY CORP.,SE,Electric Power & Gas Utilities,31-Dec-16,Climate Risk,S&P 500,View Report
Add,"STANLEY BLACK & DECKER, INC.",SWK,Manufacturing & Industrial Materials,31-Dec-16,Climate Risk,S&P 500,No disclosure
Add,STAPLES INC,SPLS,Retail,28-Jan-17,Climate Risk,S&P 500,No disclosure
Add,STATE STREET CORP,STT,Banks & Financial Services,31-Dec-16,Climate Risk,S&P 500,View Report
Add,STERICYCLE INC,SRCL,Waste Management,31-Dec-16,Climate Risk,S&P 500,No disclosure
Add,STRYKER CORP,SYK,Medical Equipment Manufacturing,31-Dec-16,Climate Risk,S&P 500,No disclosure
Add,SUNTRUST BANKS INC,STI,Banks & Financial Services,31-Dec-16,Climate Risk,S&P 500,No disclosure
Add,SYMANTEC CORP,SYMC,Information Technology,31-Mar-17,Climate Risk,S&P 500,No disclosure
Add,SYNCHRONY FINANCIAL,SYF,Banks & Financial Services,31-Dec-16,Climate Risk,S&P 500,No disclosure
Add,SYSCO CORP,SYY,Wholesale,1-Jul-17,Climate Risk,S&P 500,View Report
Add,TARGET CORP,TGT,Retail,28-Jan-17,Climate Risk,S&P 500,No disclosure
Add,TECHNIPFMC PLC,FTI,Oil & Gas,31-Dec-16,Climate Risk,S&P 500,No disclosure
Add,TEGNA INC,GCI,Telecommunications,31-Dec-16,Climate Risk,S&P 500,View Report
Add,TENET HEALTHCARE CORP,THC,Pharmaceuticals/Health Care,31-Dec-16,Climate Risk,S&P 500,View Report
Add,TERADATA CORP /DE/,TDC,Information Technology,31-Dec-16,Climate Risk,S&P 500,View Report
Add,TESORO CORP /NEW/,TSO,Oil & Gas,31-Dec-16,Climate Risk,S&P 500,View Report
Add,TEXAS INSTRUMENTS INC,TXN,Electronics,31-Dec-16,Climate Risk,S&P 500,No disclosure
Add,TEXTRON INC,TXT,Aerospace & Defense,31-Dec-16,Climate Risk,S&P 500,View Report
Add,THERMO FISHER SCIENTIFIC INC.,TMO,Medical Equipment Manufacturing,31-Dec-16,Climate Risk,S&P 500,View Report
Add,TIFFANY & CO,TIF,Retail,31-Jan-17,Climate Risk,S&P 500,View Report
Add,TIME WARNER INC.,TWX,Media,31-Dec-16,Climate Risk,S&P 500,No disclosure
Add,TJX COMPANIES INC /DE/,TJX,Apparel & Textiles,28-Jan-17,Climate Risk,S&P 500,View Report
Add,TORCHMARK CORP,TMK,Insurance Services,31-Dec-16,Climate Risk,S&P 500,No disclosure
Add,TOTAL SYSTEM SERVICES INC,TSS,Services - Business-Related,31-Dec-16,Climate Risk,S&P 500,No disclosure
Add,TRACTOR SUPPLY CO /DE/,TSCO,Retail,31-Dec-16,Climate Risk,S&P 500,View Report
Add,TRANSOCEAN LTD.,RIG,Oil & Gas,31-Dec-16,Climate Risk,S&P 500,View Report
Add,"TRAVELERS COMPANIES, INC.",TRV,Insurance Services,31-Dec-16,Climate Risk,S&P 500,View Report
Add,"TRIPADVISOR, INC.",TRIP,Information Technology,31-Dec-16,Climate Risk,S&P 500,No disclosure
Add,"TWENTY-FIRST CENTURY FOX, INC.",FOX,Media,30-Jun-17,Climate Risk,S&P 500,No disclosure
Add,"UDR, INC.",UDR,Real Estate Finance/Property Development/Construction,31-Dec-16,Climate Risk,S&P 500,View Report
Add,"ULTA BEAUTY, INC.",ULTA,Retail,28-Jan-17,Climate Risk,S&P 500,View Report
Add,"UNDER ARMOUR, INC.",UA,Apparel & Textiles,31-Dec-16,Climate Risk,S&P 500,View Report
Add,UNION PACIFIC CORP,UNP,Transportation,31-Dec-16,Climate Risk,S&P 500,View Report
Add,"UNITED CONTINENTAL HOLDINGS, INC.",UAL,Transportation,31-Dec-16,Climate Risk,S&P 500,View Report
Add,UNITED PARCEL SERVICE INC,UPS,Transportation,31-Dec-16,Climate Risk,S&P 500,View Report
Add,UNITED RENTALS INC /DE,URI,Services - Other,31-Dec-16,Climate Risk,S&P 500,View Report
Add,UNITED TECHNOLOGIES CORP /DE/,UTX,Aerospace & Defense,31-Dec-16,Climate Risk,S&P 500,View Report
Add,UNITEDHEALTH GROUP INC,UNH,Insurance Services,31-Dec-16,Climate Risk,S&P 500,No disclosure
Add,UNIVERSAL HEALTH SERVICES INC,UHS,Pharmaceuticals/Health Care,31-Dec-16,Climate Risk,S&P 500,View Report
Add,UNUM GROUP,UNM,Insurance Services,31-Dec-16,Climate Risk,S&P 500,No disclosure
Add,URBAN OUTFITTERS INC,URBN,Apparel & Textiles,31-Jan-17,Climate Risk,S&P 500,View Report
Add,US BANCORP /DE/,USB,Banks & Financial Services,31-Dec-16,Climate Risk,S&P 500,No disclosure
Add,V F CORP,VFC,Apparel & Textiles,31-Dec-16,Climate Risk,S&P 500,View Report
Add,VALERO ENERGY CORP/TX,VLO,Oil & Gas,31-Dec-16,Climate Risk,S&P 500,View Report
Add,VENTAS INC,VTR,Real Estate Finance/Property Development/Construction,31-Dec-16,Climate Risk,S&P 500,No disclosure
Add,VERISIGN INC/CA,VRSN,Information Technology,31-Dec-16,Climate Risk,S&P 500,No disclosure
Add,"VERISK ANALYTICS, INC.",VRSK,Information Technology,31-Dec-16,Climate Risk,S&P 500,View Report
Add,VERIZON COMMUNICATIONS INC,VZ,Telecommunications,31-Dec-16,Climate Risk,S&P 500,No disclosure
Add,VERTEX PHARMACEUTICALS INC / MA,VRTX,Pharmaceuticals/Health Care,31-Dec-16,Climate Risk,S&P 500,No disclosure
Add,VULCAN MATERIALS CO,VMC,Mining,31-Dec-16,Climate Risk,S&P 500,View Report
Add,WAL MART STORES INC,WMT,Retail,31-Jan-17,Climate Risk,S&P 500,View Report
Add,"WALGREENS BOOTS ALLIANCE, INC.",WBA,Retail,31-Aug-17,Climate Risk,S&P 500,View Report
Add,WASTE MANAGEMENT INC,WM,Waste Management,31-Dec-16,Climate Risk,S&P 500,View Report
Add,WATERS CORP /DE/,WAT,Medical Equipment Manufacturing,31-Dec-16,Climate Risk,S&P 500,View Report
Add,"WEC ENERGY GROUP, INC.",WEC,Electric Power & Gas Utilities,31-Dec-16,Climate Risk,S&P 500,View Report
Add,WELLS FARGO & COMPANY/MN,WFC,Banks & Financial Services,31-Dec-16,Climate Risk,S&P 500,No disclosure
Add,WELLTOWER INC.,HCN,Real Estate Finance/Property Development/Construction,31-Dec-16,Climate Risk,S&P 500,View Report
Add,WESTERN DIGITAL CORP,WDC,Information Technology,30-Jun-17,Climate Risk,S&P 500,View Report
Add,WESTERN UNION CO,WU,Services - Business-Related,31-Dec-16,Climate Risk,S&P 500,No disclosure
Add,WEYERHAEUSER CO,WY,Real Estate Finance/Property Development/Construction,31-Dec-16,Climate Risk,S&P 500,View Report
Add,WHIRLPOOL CORP /DE/,WHR,Electronics,31-Dec-16,Climate Risk,S&P 500,No disclosure
Add,WILLIAMS COMPANIES INC,WMB,Electric Power & Gas Utilities,31-Dec-16,Climate Risk,S&P 500,View Report
Add,WILLIS TOWERS WATSON PLC,WLTW,Insurance Services,31-Dec-16,Climate Risk,S&P 500,No disclosure
Add,"WINDSTREAM HOLDINGS, INC.",WIN,Telecommunications,31-Dec-16,Climate Risk,S&P 500,No disclosure
Add,WYNDHAM WORLDWIDE CORP,WYN,Hospitality & Tourism,31-Dec-16,Climate Risk,S&P 500,View Report
Add,WYNN RESORTS LTD,WYNN,Hospitality & Tourism,31-Dec-16,Climate Risk,S&P 500,View Report
Add,XCEL ENERGY INC,XEL,Electric Power & Gas Utilities,31-Dec-16,Climate Risk,S&P 500,View Report
Add,XEROX CORP,XRX,Services - Business-Related,31-Dec-16,Climate Risk,S&P 500,View Report
Add,XILINX INC,XLNX,Electronics,1-Apr-17,Climate Risk,S&P 500,View Report
Add,XL GROUP LTD,XL,Insurance Services,31-Dec-16,Climate Risk,S&P 500,View Report
Add,XYLEM INC.,XYL,Manufacturing & Industrial Materials,31-Dec-16,Climate Risk,S&P 500,View Report
Add,YAHOO INC,YHOO,Information Technology,31-Dec-16,Climate Risk,S&P 500,No disclosure
Add,YUM BRANDS INC,YUM,Food & Beverages,31-Dec-16,Climate Risk,S&P 500,No disclosure
Add,"ZIMMER BIOMET HOLDINGS, INC.",ZBH,Medical Equipment Manufacturing,31-Dec-16,Climate Risk,S&P 500,No disclosure
Add,ZIONS BANCORPORATION /UT/,ZION,Banks & Financial Services,31-Dec-16,Climate Risk,S&P 500,View Report
Add,ZOETIS INC.,ZTS,Pharmaceuticals/Health Care,31-Dec-16,Climate Risk,S&P 500,View Report